{"cameraMode":{"drawMode":0,"name":"Shaded","section":"Shading Mode"},"sceneLighting":true,"audioPlay":false,"sceneViewState":{"showFog":true,"showMaterialUpdate":true,"showSkybox":true,"showFlares":true,"showImageEffects":true,"showParticleSystems":true},"in2DMode":false,"pivot":{"x":394.88140869140627,"y":-474.4993591308594,"z":-361.4350891113281},"rotation":{"x":-0.08967486023902893,"y":0.767571747303009,"z":-0.11012537032365799,"w":-0.6250316500663757},"size":4153.51806640625,"orthographic":true}