{"cameraMode":{"drawMode":0,"name":"Shaded","section":"Shading Mode"},"sceneLighting":true,"audioPlay":false,"sceneViewState":{"showFog":true,"showMaterialUpdate":false,"showSkybox":true,"showFlares":true,"showImageEffects":true,"showParticleSystems":true},"in2DMode":false,"pivot":{"x":95.10918426513672,"y":19.440719604492189,"z":54.43658447265625},"rotation":{"x":-0.27860262989997866,"y":-0.23271197080612184,"z":0.06977611780166626,"w":-0.9291725158691406},"size":129.4131622314453,"orthographic":false}